<?xml version="1.0" encoding="UTF-8"?>
<project-private xmlns="http://www.netbeans.org/ns/project-private/1">
    <editor-bookmarks xmlns="http://www.netbeans.org/ns/editor-bookmarks/2" lastBookmarkId="0"/>
    <open-files xmlns="http://www.netbeans.org/ns/projectui-open-files/2">
        <group>
            <file>file:/C:/Users/profesorado/Dropbox/PROG_2020_21/PROG07/Tareas/2020-21/Resuelta%20Curso%202020-2021/PROG07TareaAlumnado/src/textos/Actividad3.java</file>
            <file>file:/C:/Users/profesorado/Dropbox/PROG_2020_21/PROG07/Tareas/2020-21/Resuelta%20Curso%202020-2021/PROG07TareaAlumnado/src/textos/Actividad2.java</file>
            <file>file:/C:/Users/profesorado/Dropbox/PROG_2020_21/PROG07/Tareas/2020-21/Resuelta%20Curso%202020-2021/PROG07TareaAlumnado/src/textos/Actividad4.java</file>
            <file>file:/C:/Users/profesorado/Dropbox/PROG_2020_21/PROG07/Tareas/2020-21/Resuelta%20Curso%202020-2021/PROG07TareaAlumnado/src/textos/Actividad1.java</file>
        </group>
    </open-files>
</project-private>
